entidad,estrato_socioeconomico,tono_de_color_de_piel,cuenta,nom_entidad,abr_estado,estrato_socioeconomico_nom,estratos
17,1,2,2,Morelos,Mor.,Bajo,1) Bajo
21,1,11,1,Puebla,Pue.,Bajo,1) Bajo
22,1,8,60,Querétaro,Qro.,Bajo,1) Bajo
22,1,7,35,Querétaro,Qro.,Bajo,1) Bajo
22,1,6,20,Querétaro,Qro.,Bajo,1) Bajo
22,1,4,5,Querétaro,Qro.,Bajo,1) Bajo
22,1,9,5,Querétaro,Qro.,Bajo,1) Bajo
22,1,10,5,Querétaro,Qro.,Bajo,1) Bajo
22,1,2,2,Querétaro,Qro.,Bajo,1) Bajo
22,1,3,2,Querétaro,Qro.,Bajo,1) Bajo
22,1,11,1,Querétaro,Qro.,Bajo,1) Bajo
23,1,7,38,Quintana Roo,Q. Roo,Bajo,1) Bajo
23,1,6,18,Quintana Roo,Q. Roo,Bajo,1) Bajo
23,1,4,17,Quintana Roo,Q. Roo,Bajo,1) Bajo
23,1,8,16,Quintana Roo,Q. Roo,Bajo,1) Bajo
23,1,5,8,Quintana Roo,Q. Roo,Bajo,1) Bajo
23,1,9,6,Quintana Roo,Q. Roo,Bajo,1) Bajo
23,1,3,3,Quintana Roo,Q. Roo,Bajo,1) Bajo
21,1,1,2,Puebla,Pue.,Bajo,1) Bajo
21,1,2,3,Puebla,Pue.,Bajo,1) Bajo
21,1,3,4,Puebla,Pue.,Bajo,1) Bajo
21,1,9,6,Puebla,Pue.,Bajo,1) Bajo
20,1,11,3,Oaxaca,Oax.,Bajo,1) Bajo
20,1,1,1,Oaxaca,Oax.,Bajo,1) Bajo
10,1,4,1,Durango,Dgo.,Bajo,1) Bajo
10,1,2,1,Durango,Dgo.,Bajo,1) Bajo
10,1,1,1,Durango,Dgo.,Bajo,1) Bajo
10,1,5,2,Durango,Dgo.,Bajo,1) Bajo
10,1,11,5,Durango,Dgo.,Bajo,1) Bajo
10,1,9,9,Durango,Dgo.,Bajo,1) Bajo
23,1,2,1,Quintana Roo,Q. Roo,Bajo,1) Bajo
10,1,10,12,Durango,Dgo.,Bajo,1) Bajo
10,1,7,20,Durango,Dgo.,Bajo,1) Bajo
10,1,8,29,Durango,Dgo.,Bajo,1) Bajo
21,1,7,94,Puebla,Pue.,Bajo,1) Bajo
21,1,8,68,Puebla,Pue.,Bajo,1) Bajo
21,1,6,46,Puebla,Pue.,Bajo,1) Bajo
21,1,4,14,Puebla,Pue.,Bajo,1) Bajo
21,1,5,10,Puebla,Pue.,Bajo,1) Bajo
21,1,10,10,Puebla,Pue.,Bajo,1) Bajo
10,1,6,14,Durango,Dgo.,Bajo,1) Bajo
23,1,10,1,Quintana Roo,Q. Roo,Bajo,1) Bajo
8,1,1,1,Chihuahua,Chih.,Bajo,1) Bajo
8,1,2,2,Chihuahua,Chih.,Bajo,1) Bajo
7,1,11,15,Chiapas,Chis.,Bajo,1) Bajo
7,1,4,16,Chiapas,Chis.,Bajo,1) Bajo
7,1,5,24,Chiapas,Chis.,Bajo,1) Bajo
7,1,9,25,Chiapas,Chis.,Bajo,1) Bajo
7,1,6,77,Chiapas,Chis.,Bajo,1) Bajo
7,1,8,140,Chiapas,Chis.,Bajo,1) Bajo
7,1,7,151,Chiapas,Chis.,Bajo,1) Bajo
25,1,7,35,Sinaloa,Sin.,Bajo,1) Bajo
7,1,10,14,Chiapas,Chis.,Bajo,1) Bajo
25,1,8,23,Sinaloa,Sin.,Bajo,1) Bajo
25,1,9,12,Sinaloa,Sin.,Bajo,1) Bajo
25,1,4,5,Sinaloa,Sin.,Bajo,1) Bajo
25,1,11,3,Sinaloa,Sin.,Bajo,1) Bajo
25,1,10,2,Sinaloa,Sin.,Bajo,1) Bajo
25,1,2,1,Sinaloa,Sin.,Bajo,1) Bajo
25,1,3,1,Sinaloa,Sin.,Bajo,1) Bajo
25,1,5,1,Sinaloa,Sin.,Bajo,1) Bajo
26,1,7,27,Sonora,Son.,Bajo,1) Bajo
25,1,6,18,Sinaloa,Sin.,Bajo,1) Bajo
20,1,2,8,Oaxaca,Oax.,Bajo,1) Bajo
7,1,3,5,Chiapas,Chis.,Bajo,1) Bajo
7,1,2,1,Chiapas,Chis.,Bajo,1) Bajo
8,1,11,3,Chihuahua,Chih.,Bajo,1) Bajo
8,1,10,3,Chihuahua,Chih.,Bajo,1) Bajo
8,1,9,3,Chihuahua,Chih.,Bajo,1) Bajo
8,1,6,8,Chihuahua,Chih.,Bajo,1) Bajo
8,1,7,13,Chihuahua,Chih.,Bajo,1) Bajo
8,1,8,15,Chihuahua,Chih.,Bajo,1) Bajo
15,1,8,16,México,Mex.,Bajo,1) Bajo
24,1,7,77,San Luis Potosí,SLP,Bajo,1) Bajo
7,1,1,3,Chiapas,Chis.,Bajo,1) Bajo
24,1,6,61,San Luis Potosí,SLP,Bajo,1) Bajo
24,1,9,18,San Luis Potosí,SLP,Bajo,1) Bajo
24,1,4,17,San Luis Potosí,SLP,Bajo,1) Bajo
24,1,10,12,San Luis Potosí,SLP,Bajo,1) Bajo
24,1,5,7,San Luis Potosí,SLP,Bajo,1) Bajo
24,1,2,5,San Luis Potosí,SLP,Bajo,1) Bajo
24,1,3,5,San Luis Potosí,SLP,Bajo,1) Bajo
24,1,11,3,San Luis Potosí,SLP,Bajo,1) Bajo
24,1,1,1,San Luis Potosí,SLP,Bajo,1) Bajo
24,1,8,57,San Luis Potosí,SLP,Bajo,1) Bajo
20,1,3,12,Oaxaca,Oax.,Bajo,1) Bajo
20,1,9,17,Oaxaca,Oax.,Bajo,1) Bajo
20,1,10,18,Oaxaca,Oax.,Bajo,1) Bajo
16,1,9,3,Michoacán de Ocampo,Mich.,Bajo,1) Bajo
16,1,11,1,Michoacán de Ocampo,Mich.,Bajo,1) Bajo
17,1,7,35,Morelos,Mor.,Bajo,1) Bajo
13,1,1,2,Hidalgo,Hgo.,Bajo,1) Bajo
13,1,11,3,Hidalgo,Hgo.,Bajo,1) Bajo
13,1,3,3,Hidalgo,Hgo.,Bajo,1) Bajo
13,1,5,9,Hidalgo,Hgo.,Bajo,1) Bajo
13,1,10,10,Hidalgo,Hgo.,Bajo,1) Bajo
16,1,3,4,Michoacán de Ocampo,Mich.,Bajo,1) Bajo
13,1,9,10,Hidalgo,Hgo.,Bajo,1) Bajo
13,1,6,32,Hidalgo,Hgo.,Bajo,1) Bajo
13,1,8,64,Hidalgo,Hgo.,Bajo,1) Bajo
13,1,7,65,Hidalgo,Hgo.,Bajo,1) Bajo
17,1,6,23,Morelos,Mor.,Bajo,1) Bajo
17,1,8,22,Morelos,Mor.,Bajo,1) Bajo
17,1,5,9,Morelos,Mor.,Bajo,1) Bajo
17,1,4,8,Morelos,Mor.,Bajo,1) Bajo
17,1,3,3,Morelos,Mor.,Bajo,1) Bajo
13,1,4,13,Hidalgo,Hgo.,Bajo,1) Bajo
17,1,10,2,Morelos,Mor.,Bajo,1) Bajo
16,1,2,4,Michoacán de Ocampo,Mich.,Bajo,1) Bajo
16,1,10,6,Michoacán de Ocampo,Mich.,Bajo,1) Bajo
15,1,6,5,México,Mex.,Bajo,1) Bajo
15,1,4,3,México,Mex.,Bajo,1) Bajo
15,1,9,3,México,Mex.,Bajo,1) Bajo
15,1,11,3,México,Mex.,Bajo,1) Bajo
15,1,3,2,México,Mex.,Bajo,1) Bajo
15,1,5,2,México,Mex.,Bajo,1) Bajo
15,1,10,2,México,Mex.,Bajo,1) Bajo
14,1,6,1,Jalisco,Jal.,Bajo,1) Bajo
16,1,4,5,Michoacán de Ocampo,Mich.,Bajo,1) Bajo
14,1,5,1,Jalisco,Jal.,Bajo,1) Bajo
14,1,3,1,Jalisco,Jal.,Bajo,1) Bajo
14,1,10,3,Jalisco,Jal.,Bajo,1) Bajo
14,1,7,8,Jalisco,Jal.,Bajo,1) Bajo
14,1,8,12,Jalisco,Jal.,Bajo,1) Bajo
16,1,8,64,Michoacán de Ocampo,Mich.,Bajo,1) Bajo
16,1,7,37,Michoacán de Ocampo,Mich.,Bajo,1) Bajo
16,1,6,13,Michoacán de Ocampo,Mich.,Bajo,1) Bajo
16,1,5,7,Michoacán de Ocampo,Mich.,Bajo,1) Bajo
14,1,4,1,Jalisco,Jal.,Bajo,1) Bajo
26,1,8,24,Sonora,Son.,Bajo,1) Bajo
18,1,7,35,Nayarit,Nay.,Bajo,1) Bajo
18,1,8,13,Nayarit,Nay.,Bajo,1) Bajo
19,1,11,2,Nuevo León,NL,Bajo,1) Bajo
19,1,2,1,Nuevo León,NL,Bajo,1) Bajo
19,1,9,1,Nuevo León,NL,Bajo,1) Bajo
11,1,3,1,Guanajuato,Gto.,Bajo,1) Bajo
11,1,2,1,Guanajuato,Gto.,Bajo,1) Bajo
11,1,11,2,Guanajuato,Gto.,Bajo,1) Bajo
11,1,4,4,Guanajuato,Gto.,Bajo,1) Bajo
11,1,9,7,Guanajuato,Gto.,Bajo,1) Bajo
19,1,6,3,Nuevo León,NL,Bajo,1) Bajo
11,1,10,8,Guanajuato,Gto.,Bajo,1) Bajo
11,1,6,25,Guanajuato,Gto.,Bajo,1) Bajo
11,1,8,32,Guanajuato,Gto.,Bajo,1) Bajo
11,1,7,36,Guanajuato,Gto.,Bajo,1) Bajo
20,1,7,135,Oaxaca,Oax.,Bajo,1) Bajo
20,1,6,94,Oaxaca,Oax.,Bajo,1) Bajo
20,1,8,77,Oaxaca,Oax.,Bajo,1) Bajo
20,1,4,34,Oaxaca,Oax.,Bajo,1) Bajo
20,1,5,18,Oaxaca,Oax.,Bajo,1) Bajo
11,1,5,11,Guanajuato,Gto.,Bajo,1) Bajo
18,1,6,20,Nayarit,Nay.,Bajo,1) Bajo
19,1,7,6,Nuevo León,NL,Bajo,1) Bajo
18,1,4,1,Nayarit,Nay.,Bajo,1) Bajo
12,1,1,4,Guerrero,Gro.,Bajo,1) Bajo
12,1,11,9,Guerrero,Gro.,Bajo,1) Bajo
12,1,9,9,Guerrero,Gro.,Bajo,1) Bajo
12,1,2,9,Guerrero,Gro.,Bajo,1) Bajo
12,1,3,11,Guerrero,Gro.,Bajo,1) Bajo
12,1,10,13,Guerrero,Gro.,Bajo,1) Bajo
12,1,5,22,Guerrero,Gro.,Bajo,1) Bajo
12,1,4,36,Guerrero,Gro.,Bajo,1) Bajo
19,1,8,8,Nuevo León,NL,Bajo,1) Bajo
12,1,6,81,Guerrero,Gro.,Bajo,1) Bajo
12,1,7,147,Guerrero,Gro.,Bajo,1) Bajo
18,1,5,5,Nayarit,Nay.,Bajo,1) Bajo
18,1,11,4,Nayarit,Nay.,Bajo,1) Bajo
18,1,1,2,Nayarit,Nay.,Bajo,1) Bajo
18,1,9,2,Nayarit,Nay.,Bajo,1) Bajo
18,1,10,2,Nayarit,Nay.,Bajo,1) Bajo
18,1,2,1,Nayarit,Nay.,Bajo,1) Bajo
18,1,3,1,Nayarit,Nay.,Bajo,1) Bajo
12,1,8,99,Guerrero,Gro.,Bajo,1) Bajo
26,1,6,14,Sonora,Son.,Bajo,1) Bajo
15,1,7,24,México,Mex.,Bajo,1) Bajo
6,1,11,1,Colima,Col.,Bajo,1) Bajo
30,1,2,4,Veracruz de Ignacio de la Llave,Ver.,Bajo,1) Bajo
30,1,10,5,Veracruz de Ignacio de la Llave,Ver.,Bajo,1) Bajo
30,1,5,5,Veracruz de Ignacio de la Llave,Ver.,Bajo,1) Bajo
30,1,11,6,Veracruz de Ignacio de la Llave,Ver.,Bajo,1) Bajo
30,1,3,9,Veracruz de Ignacio de la Llave,Ver.,Bajo,1) Bajo
30,1,9,10,Veracruz de Ignacio de la Llave,Ver.,Bajo,1) Bajo
30,1,4,15,Veracruz de Ignacio de la Llave,Ver.,Bajo,1) Bajo
30,1,8,66,Veracruz de Ignacio de la Llave,Ver.,Bajo,1) Bajo
30,1,7,72,Veracruz de Ignacio de la Llave,Ver.,Bajo,1) Bajo
30,1,6,75,Veracruz de Ignacio de la Llave,Ver.,Bajo,1) Bajo
29,1,4,1,Tlaxcala,Tlax.,Bajo,1) Bajo
29,1,7,4,Tlaxcala,Tlax.,Bajo,1) Bajo
26,1,9,6,Sonora,Son.,Bajo,1) Bajo
29,1,6,6,Tlaxcala,Tlax.,Bajo,1) Bajo
4,1,7,89,Campeche,Camp.,Bajo,1) Bajo
4,1,6,66,Campeche,Camp.,Bajo,1) Bajo
4,1,8,66,Campeche,Camp.,Bajo,1) Bajo
28,1,6,11,Tamaulipas,Tamps.,Bajo,1) Bajo
28,1,10,7,Tamaulipas,Tamps.,Bajo,1) Bajo
28,1,9,6,Tamaulipas,Tamps.,Bajo,1) Bajo
28,1,5,5,Tamaulipas,Tamps.,Bajo,1) Bajo
28,1,3,3,Tamaulipas,Tamps.,Bajo,1) Bajo
28,1,4,3,Tamaulipas,Tamps.,Bajo,1) Bajo
3,1,11,1,Baja California Sur,BCS,Bajo,1) Bajo
28,1,1,1,Tamaulipas,Tamps.,Bajo,1) Bajo
4,1,11,8,Campeche,Camp.,Bajo,1) Bajo
4,1,3,10,Campeche,Camp.,Bajo,1) Bajo
4,1,5,12,Campeche,Camp.,Bajo,1) Bajo
4,1,9,18,Campeche,Camp.,Bajo,1) Bajo
4,1,10,19,Campeche,Camp.,Bajo,1) Bajo
4,1,4,19,Campeche,Camp.,Bajo,1) Bajo
4,1,2,1,Campeche,Camp.,Bajo,1) Bajo
28,1,8,21,Tamaulipas,Tamps.,Bajo,1) Bajo
3,1,4,1,Baja California Sur,BCS,Bajo,1) Bajo
3,1,1,1,Baja California Sur,BCS,Bajo,1) Bajo
32,1,3,1,Zacatecas,Zac.,Bajo,1) Bajo
32,1,2,1,Zacatecas,Zac.,Bajo,1) Bajo
32,1,4,2,Zacatecas,Zac.,Bajo,1) Bajo
32,1,11,4,Zacatecas,Zac.,Bajo,1) Bajo
32,1,10,4,Zacatecas,Zac.,Bajo,1) Bajo
32,1,9,4,Zacatecas,Zac.,Bajo,1) Bajo
32,1,5,4,Zacatecas,Zac.,Bajo,1) Bajo
32,1,6,15,Zacatecas,Zac.,Bajo,1) Bajo
32,1,7,34,Zacatecas,Zac.,Bajo,1) Bajo
32,1,8,43,Zacatecas,Zac.,Bajo,1) Bajo
2,1,8,5,Baja California,BC,Bajo,1) Bajo
2,1,9,5,Baja California,BC,Bajo,1) Bajo
2,1,6,3,Baja California,BC,Bajo,1) Bajo
2,1,10,1,Baja California,BC,Bajo,1) Bajo
2,1,11,1,Baja California,BC,Bajo,1) Bajo
31,1,11,4,Yucatán,Yuc.,Bajo,1) Bajo
31,1,3,5,Yucatán,Yuc.,Bajo,1) Bajo
3,1,2,2,Baja California Sur,BCS,Bajo,1) Bajo
3,1,9,5,Baja California Sur,BCS,Bajo,1) Bajo
3,1,5,5,Baja California Sur,BCS,Bajo,1) Bajo
3,1,6,19,Baja California Sur,BCS,Bajo,1) Bajo
3,1,7,25,Baja California Sur,BCS,Bajo,1) Bajo
3,1,8,31,Baja California Sur,BCS,Bajo,1) Bajo
3,1,3,1,Baja California Sur,BCS,Bajo,1) Bajo
30,1,1,3,Veracruz de Ignacio de la Llave,Ver.,Bajo,1) Bajo
31,1,7,86,Yucatán,Yuc.,Bajo,1) Bajo
31,1,6,44,Yucatán,Yuc.,Bajo,1) Bajo
31,1,4,16,Yucatán,Yuc.,Bajo,1) Bajo
31,1,10,10,Yucatán,Yuc.,Bajo,1) Bajo
31,1,5,8,Yucatán,Yuc.,Bajo,1) Bajo
31,1,9,7,Yucatán,Yuc.,Bajo,1) Bajo
31,1,8,98,Yucatán,Yuc.,Bajo,1) Bajo
28,1,7,27,Tamaulipas,Tamps.,Bajo,1) Bajo
29,1,8,5,Tlaxcala,Tlax.,Bajo,1) Bajo
27,1,4,5,Tabasco,Tab.,Bajo,1) Bajo
5,1,6,2,Coahuila de Zaragoza,Coah.,Bajo,1) Bajo
5,1,5,2,Coahuila de Zaragoza,Coah.,Bajo,1) Bajo
5,1,3,2,Coahuila de Zaragoza,Coah.,Bajo,1) Bajo
5,1,4,4,Coahuila de Zaragoza,Coah.,Bajo,1) Bajo
5,1,8,11,Coahuila de Zaragoza,Coah.,Bajo,1) Bajo
5,1,7,12,Coahuila de Zaragoza,Coah.,Bajo,1) Bajo
27,1,6,54,Tabasco,Tab.,Bajo,1) Bajo
6,1,9,1,Colima,Col.,Bajo,1) Bajo
27,1,8,78,Tabasco,Tab.,Bajo,1) Bajo
27,1,7,92,Tabasco,Tab.,Bajo,1) Bajo
26,1,5,1,Sonora,Son.,Bajo,1) Bajo
27,1,10,8,Tabasco,Tab.,Bajo,1) Bajo
5,1,2,1,Coahuila de Zaragoza,Coah.,Bajo,1) Bajo
26,1,11,1,Sonora,Son.,Bajo,1) Bajo
27,1,5,6,Tabasco,Tab.,Bajo,1) Bajo
27,1,3,5,Tabasco,Tab.,Bajo,1) Bajo
6,1,8,5,Colima,Col.,Bajo,1) Bajo
6,1,5,2,Colima,Col.,Bajo,1) Bajo
6,1,6,2,Colima,Col.,Bajo,1) Bajo
5,1,9,1,Coahuila de Zaragoza,Coah.,Bajo,1) Bajo
27,1,11,2,Tabasco,Tab.,Bajo,1) Bajo
26,1,4,5,Sonora,Son.,Bajo,1) Bajo
6,1,7,1,Colima,Col.,Bajo,1) Bajo
26,1,10,2,Sonora,Son.,Bajo,1) Bajo
26,1,3,1,Sonora,Son.,Bajo,1) Bajo
27,1,9,6,Tabasco,Tab.,Bajo,1) Bajo
6,1,4,1,Colima,Col.,Bajo,1) Bajo
17,2,8,179,Morelos,Mor.,Medio Bajo,2) Medio Bajo
17,2,7,193,Morelos,Mor.,Medio Bajo,2) Medio Bajo
17,2,10,7,Morelos,Mor.,Medio Bajo,2) Medio Bajo
17,2,6,93,Morelos,Mor.,Medio Bajo,2) Medio Bajo
17,2,4,28,Morelos,Mor.,Medio Bajo,2) Medio Bajo
17,2,5,17,Morelos,Mor.,Medio Bajo,2) Medio Bajo
17,2,9,14,Morelos,Mor.,Medio Bajo,2) Medio Bajo
17,2,3,6,Morelos,Mor.,Medio Bajo,2) Medio Bajo
30,2,1,2,Veracruz de Ignacio de la Llave,Ver.,Medio Bajo,2) Medio Bajo
17,2,1,1,Morelos,Mor.,Medio Bajo,2) Medio Bajo
18,2,7,151,Nayarit,Nay.,Medio Bajo,2) Medio Bajo
18,2,8,212,Nayarit,Nay.,Medio Bajo,2) Medio Bajo
26,2,4,3,Sonora,Son.,Medio Bajo,2) Medio Bajo
26,2,3,3,Sonora,Son.,Medio Bajo,2) Medio Bajo
26,2,2,3,Sonora,Son.,Medio Bajo,2) Medio Bajo
26,2,11,10,Sonora,Son.,Medio Bajo,2) Medio Bajo
26,2,9,16,Sonora,Son.,Medio Bajo,2) Medio Bajo
26,2,10,17,Sonora,Son.,Medio Bajo,2) Medio Bajo
26,2,6,19,Sonora,Son.,Medio Bajo,2) Medio Bajo
26,2,7,86,Sonora,Son.,Medio Bajo,2) Medio Bajo
30,2,7,144,Veracruz de Ignacio de la Llave,Ver.,Medio Bajo,2) Medio Bajo
17,2,2,5,Morelos,Mor.,Medio Bajo,2) Medio Bajo
30,2,8,136,Veracruz de Ignacio de la Llave,Ver.,Medio Bajo,2) Medio Bajo
30,2,4,16,Veracruz de Ignacio de la Llave,Ver.,Medio Bajo,2) Medio Bajo
30,2,10,13,Veracruz de Ignacio de la Llave,Ver.,Medio Bajo,2) Medio Bajo
30,2,9,12,Veracruz de Ignacio de la Llave,Ver.,Medio Bajo,2) Medio Bajo
30,2,11,8,Veracruz de Ignacio de la Llave,Ver.,Medio Bajo,2) Medio Bajo
30,2,3,7,Veracruz de Ignacio de la Llave,Ver.,Medio Bajo,2) Medio Bajo
30,2,5,7,Veracruz de Ignacio de la Llave,Ver.,Medio Bajo,2) Medio Bajo
30,2,2,5,Veracruz de Ignacio de la Llave,Ver.,Medio Bajo,2) Medio Bajo
31,2,8,132,Yucatán,Yuc.,Medio Bajo,2) Medio Bajo
26,2,8,150,Sonora,Son.,Medio Bajo,2) Medio Bajo
24,2,2,2,San Luis Potosí,SLP,Medio Bajo,2) Medio Bajo
24,2,11,1,San Luis Potosí,SLP,Medio Bajo,2) Medio Bajo
30,2,6,60,Veracruz de Ignacio de la Llave,Ver.,Medio Bajo,2) Medio Bajo
31,2,7,112,Yucatán,Yuc.,Medio Bajo,2) Medio Bajo
23,2,6,102,Quintana Roo,Q. Roo,Medio Bajo,2) Medio Bajo
31,2,4,18,Yucatán,Yuc.,Medio Bajo,2) Medio Bajo
25,2,1,1,Sinaloa,Sin.,Medio Bajo,2) Medio Bajo
32,2,8,200,Zacatecas,Zac.,Medio Bajo,2) Medio Bajo
32,2,7,166,Zacatecas,Zac.,Medio Bajo,2) Medio Bajo
32,2,6,55,Zacatecas,Zac.,Medio Bajo,2) Medio Bajo
15,2,2,1,México,Mex.,Medio Bajo,2) Medio Bajo
15,2,3,4,México,Mex.,Medio Bajo,2) Medio Bajo
15,2,4,6,México,Mex.,Medio Bajo,2) Medio Bajo
15,2,11,8,México,Mex.,Medio Bajo,2) Medio Bajo
15,2,5,13,México,Mex.,Medio Bajo,2) Medio Bajo
15,2,10,26,México,Mex.,Medio Bajo,2) Medio Bajo
15,2,9,29,México,Mex.,Medio Bajo,2) Medio Bajo
15,2,6,65,México,Mex.,Medio Bajo,2) Medio Bajo
15,2,7,165,México,Mex.,Medio Bajo,2) Medio Bajo
15,2,8,234,México,Mex.,Medio Bajo,2) Medio Bajo
32,2,9,22,Zacatecas,Zac.,Medio Bajo,2) Medio Bajo
32,2,10,22,Zacatecas,Zac.,Medio Bajo,2) Medio Bajo
32,2,4,15,Zacatecas,Zac.,Medio Bajo,2) Medio Bajo
32,2,11,13,Zacatecas,Zac.,Medio Bajo,2) Medio Bajo
32,2,3,7,Zacatecas,Zac.,Medio Bajo,2) Medio Bajo
32,2,5,7,Zacatecas,Zac.,Medio Bajo,2) Medio Bajo
32,2,2,1,Zacatecas,Zac.,Medio Bajo,2) Medio Bajo
25,2,2,4,Sinaloa,Sin.,Medio Bajo,2) Medio Bajo
25,2,4,8,Sinaloa,Sin.,Medio Bajo,2) Medio Bajo
25,2,11,9,Sinaloa,Sin.,Medio Bajo,2) Medio Bajo
25,2,5,10,Sinaloa,Sin.,Medio Bajo,2) Medio Bajo
31,2,9,14,Yucatán,Yuc.,Medio Bajo,2) Medio Bajo
31,2,10,11,Yucatán,Yuc.,Medio Bajo,2) Medio Bajo
18,2,6,60,Nayarit,Nay.,Medio Bajo,2) Medio Bajo
25,2,8,155,Sinaloa,Sin.,Medio Bajo,2) Medio Bajo
16,2,2,2,Michoacán de Ocampo,Mich.,Medio Bajo,2) Medio Bajo
16,2,3,6,Michoacán de Ocampo,Mich.,Medio Bajo,2) Medio Bajo
16,2,5,10,Michoacán de Ocampo,Mich.,Medio Bajo,2) Medio Bajo
16,2,4,13,Michoacán de Ocampo,Mich.,Medio Bajo,2) Medio Bajo
16,2,11,18,Michoacán de Ocampo,Mich.,Medio Bajo,2) Medio Bajo
16,2,9,19,Michoacán de Ocampo,Mich.,Medio Bajo,2) Medio Bajo
31,2,6,44,Yucatán,Yuc.,Medio Bajo,2) Medio Bajo
16,2,10,36,Michoacán de Ocampo,Mich.,Medio Bajo,2) Medio Bajo
16,2,7,159,Michoacán de Ocampo,Mich.,Medio Bajo,2) Medio Bajo
16,2,8,202,Michoacán de Ocampo,Mich.,Medio Bajo,2) Medio Bajo
31,2,5,7,Yucatán,Yuc.,Medio Bajo,2) Medio Bajo
31,2,11,6,Yucatán,Yuc.,Medio Bajo,2) Medio Bajo
31,2,3,2,Yucatán,Yuc.,Medio Bajo,2) Medio Bajo
31,2,2,1,Yucatán,Yuc.,Medio Bajo,2) Medio Bajo
25,2,7,134,Sinaloa,Sin.,Medio Bajo,2) Medio Bajo
25,2,6,68,Sinaloa,Sin.,Medio Bajo,2) Medio Bajo
25,2,10,26,Sinaloa,Sin.,Medio Bajo,2) Medio Bajo
25,2,9,24,Sinaloa,Sin.,Medio Bajo,2) Medio Bajo
16,2,6,56,Michoacán de Ocampo,Mich.,Medio Bajo,2) Medio Bajo
18,2,11,19,Nayarit,Nay.,Medio Bajo,2) Medio Bajo
24,2,5,5,San Luis Potosí,SLP,Medio Bajo,2) Medio Bajo
18,2,5,14,Nayarit,Nay.,Medio Bajo,2) Medio Bajo
21,2,11,2,Puebla,Pue.,Medio Bajo,2) Medio Bajo
21,2,3,4,Puebla,Pue.,Medio Bajo,2) Medio Bajo
21,2,9,7,Puebla,Pue.,Medio Bajo,2) Medio Bajo
21,2,4,14,Puebla,Pue.,Medio Bajo,2) Medio Bajo
21,2,10,16,Puebla,Pue.,Medio Bajo,2) Medio Bajo
21,2,5,20,Puebla,Pue.,Medio Bajo,2) Medio Bajo
21,2,6,57,Puebla,Pue.,Medio Bajo,2) Medio Bajo
21,2,7,135,Puebla,Pue.,Medio Bajo,2) Medio Bajo
21,2,8,140,Puebla,Pue.,Medio Bajo,2) Medio Bajo
21,2,2,1,Puebla,Pue.,Medio Bajo,2) Medio Bajo
28,2,7,125,Tamaulipas,Tamps.,Medio Bajo,2) Medio Bajo
28,2,4,23,Tamaulipas,Tamps.,Medio Bajo,2) Medio Bajo
28,2,10,21,Tamaulipas,Tamps.,Medio Bajo,2) Medio Bajo
28,2,5,17,Tamaulipas,Tamps.,Medio Bajo,2) Medio Bajo
28,2,9,15,Tamaulipas,Tamps.,Medio Bajo,2) Medio Bajo
28,2,3,9,Tamaulipas,Tamps.,Medio Bajo,2) Medio Bajo
23,2,10,13,Quintana Roo,Q. Roo,Medio Bajo,2) Medio Bajo
23,2,11,7,Quintana Roo,Q. Roo,Medio Bajo,2) Medio Bajo
23,2,1,1,Quintana Roo,Q. Roo,Medio Bajo,2) Medio Bajo
27,2,6,82,Tabasco,Tab.,Medio Bajo,2) Medio Bajo
28,2,6,55,Tamaulipas,Tamps.,Medio Bajo,2) Medio Bajo
28,2,8,131,Tamaulipas,Tamps.,Medio Bajo,2) Medio Bajo
23,2,3,13,Quintana Roo,Q. Roo,Medio Bajo,2) Medio Bajo
23,2,9,20,Quintana Roo,Q. Roo,Medio Bajo,2) Medio Bajo
23,2,8,116,Quintana Roo,Q. Roo,Medio Bajo,2) Medio Bajo
23,2,7,189,Quintana Roo,Q. Roo,Medio Bajo,2) Medio Bajo
27,2,10,26,Tabasco,Tab.,Medio Bajo,2) Medio Bajo
27,2,9,20,Tabasco,Tab.,Medio Bajo,2) Medio Bajo
27,2,5,10,Tabasco,Tab.,Medio Bajo,2) Medio Bajo
27,2,11,7,Tabasco,Tab.,Medio Bajo,2) Medio Bajo
27,2,4,5,Tabasco,Tab.,Medio Bajo,2) Medio Bajo
27,2,2,2,Tabasco,Tab.,Medio Bajo,2) Medio Bajo
27,2,1,1,Tabasco,Tab.,Medio Bajo,2) Medio Bajo
27,2,3,1,Tabasco,Tab.,Medio Bajo,2) Medio Bajo
23,2,5,32,Quintana Roo,Q. Roo,Medio Bajo,2) Medio Bajo
22,2,3,2,Querétaro,Qro.,Medio Bajo,2) Medio Bajo
22,2,2,2,Querétaro,Qro.,Medio Bajo,2) Medio Bajo
22,2,11,7,Querétaro,Qro.,Medio Bajo,2) Medio Bajo
22,2,5,9,Querétaro,Qro.,Medio Bajo,2) Medio Bajo
22,2,4,11,Querétaro,Qro.,Medio Bajo,2) Medio Bajo
22,2,9,15,Querétaro,Qro.,Medio Bajo,2) Medio Bajo
22,2,10,21,Querétaro,Qro.,Medio Bajo,2) Medio Bajo
22,2,6,42,Querétaro,Qro.,Medio Bajo,2) Medio Bajo
22,2,7,128,Querétaro,Qro.,Medio Bajo,2) Medio Bajo
22,2,8,144,Querétaro,Qro.,Medio Bajo,2) Medio Bajo
27,2,7,166,Tabasco,Tab.,Medio Bajo,2) Medio Bajo
27,2,8,183,Tabasco,Tab.,Medio Bajo,2) Medio Bajo
28,2,2,5,Tamaulipas,Tamps.,Medio Bajo,2) Medio Bajo
28,2,11,2,Tamaulipas,Tamps.,Medio Bajo,2) Medio Bajo
29,2,3,5,Tlaxcala,Tlax.,Medio Bajo,2) Medio Bajo
29,2,2,4,Tlaxcala,Tlax.,Medio Bajo,2) Medio Bajo
29,2,1,1,Tlaxcala,Tlax.,Medio Bajo,2) Medio Bajo
24,2,8,85,San Luis Potosí,SLP,Medio Bajo,2) Medio Bajo
24,2,7,70,San Luis Potosí,SLP,Medio Bajo,2) Medio Bajo
24,2,6,40,San Luis Potosí,SLP,Medio Bajo,2) Medio Bajo
24,2,10,18,San Luis Potosí,SLP,Medio Bajo,2) Medio Bajo
19,2,10,21,Nuevo León,NL,Medio Bajo,2) Medio Bajo
19,2,6,36,Nuevo León,NL,Medio Bajo,2) Medio Bajo
19,2,7,94,Nuevo León,NL,Medio Bajo,2) Medio Bajo
19,2,8,127,Nuevo León,NL,Medio Bajo,2) Medio Bajo
24,2,9,9,San Luis Potosí,SLP,Medio Bajo,2) Medio Bajo
24,2,3,7,San Luis Potosí,SLP,Medio Bajo,2) Medio Bajo
24,2,4,6,San Luis Potosí,SLP,Medio Bajo,2) Medio Bajo
23,2,4,39,Quintana Roo,Q. Roo,Medio Bajo,2) Medio Bajo
26,2,1,1,Sonora,Son.,Medio Bajo,2) Medio Bajo
26,2,5,3,Sonora,Son.,Medio Bajo,2) Medio Bajo
18,2,2,1,Nayarit,Nay.,Medio Bajo,2) Medio Bajo
18,2,3,4,Nayarit,Nay.,Medio Bajo,2) Medio Bajo
18,2,4,8,Nayarit,Nay.,Medio Bajo,2) Medio Bajo
18,2,9,11,Nayarit,Nay.,Medio Bajo,2) Medio Bajo
19,2,4,14,Nuevo León,NL,Medio Bajo,2) Medio Bajo
18,2,10,16,Nayarit,Nay.,Medio Bajo,2) Medio Bajo
19,2,9,13,Nuevo León,NL,Medio Bajo,2) Medio Bajo
19,2,3,5,Nuevo León,NL,Medio Bajo,2) Medio Bajo
28,2,1,1,Tamaulipas,Tamps.,Medio Bajo,2) Medio Bajo
20,2,11,5,Oaxaca,Oax.,Medio Bajo,2) Medio Bajo
20,2,3,5,Oaxaca,Oax.,Medio Bajo,2) Medio Bajo
20,2,9,7,Oaxaca,Oax.,Medio Bajo,2) Medio Bajo
20,2,5,10,Oaxaca,Oax.,Medio Bajo,2) Medio Bajo
20,2,10,12,Oaxaca,Oax.,Medio Bajo,2) Medio Bajo
20,2,4,25,Oaxaca,Oax.,Medio Bajo,2) Medio Bajo
20,2,6,53,Oaxaca,Oax.,Medio Bajo,2) Medio Bajo
20,2,8,65,Oaxaca,Oax.,Medio Bajo,2) Medio Bajo
20,2,7,119,Oaxaca,Oax.,Medio Bajo,2) Medio Bajo
29,2,8,284,Tlaxcala,Tlax.,Medio Bajo,2) Medio Bajo
29,2,7,216,Tlaxcala,Tlax.,Medio Bajo,2) Medio Bajo
29,2,6,107,Tlaxcala,Tlax.,Medio Bajo,2) Medio Bajo
29,2,10,31,Tlaxcala,Tlax.,Medio Bajo,2) Medio Bajo
29,2,9,20,Tlaxcala,Tlax.,Medio Bajo,2) Medio Bajo
29,2,4,15,Tlaxcala,Tlax.,Medio Bajo,2) Medio Bajo
29,2,5,15,Tlaxcala,Tlax.,Medio Bajo,2) Medio Bajo
29,2,11,6,Tlaxcala,Tlax.,Medio Bajo,2) Medio Bajo
19,2,1,1,Nuevo León,NL,Medio Bajo,2) Medio Bajo
19,2,11,3,Nuevo León,NL,Medio Bajo,2) Medio Bajo
19,2,2,3,Nuevo León,NL,Medio Bajo,2) Medio Bajo
19,2,5,11,Nuevo León,NL,Medio Bajo,2) Medio Bajo
23,2,2,1,Quintana Roo,Q. Roo,Medio Bajo,2) Medio Bajo
1,2,7,138,Aguascalientes,Ags.,Medio Bajo,2) Medio Bajo
12,2,1,1,Guerrero,Gro.,Medio Bajo,2) Medio Bajo
8,2,6,37,Chihuahua,Chih.,Medio Bajo,2) Medio Bajo
8,2,7,103,Chihuahua,Chih.,Medio Bajo,2) Medio Bajo
8,2,8,121,Chihuahua,Chih.,Medio Bajo,2) Medio Bajo
3,2,4,8,Baja California Sur,BCS,Medio Bajo,2) Medio Bajo
3,2,3,6,Baja California Sur,BCS,Medio Bajo,2) Medio Bajo
3,2,2,3,Baja California Sur,BCS,Medio Bajo,2) Medio Bajo
12,2,6,46,Guerrero,Gro.,Medio Bajo,2) Medio Bajo
6,2,9,27,Colima,Col.,Medio Bajo,2) Medio Bajo
12,2,8,57,Guerrero,Gro.,Medio Bajo,2) Medio Bajo
6,2,10,23,Colima,Col.,Medio Bajo,2) Medio Bajo
6,2,5,21,Colima,Col.,Medio Bajo,2) Medio Bajo
6,2,4,15,Colima,Col.,Medio Bajo,2) Medio Bajo
6,2,11,11,Colima,Col.,Medio Bajo,2) Medio Bajo
6,2,3,4,Colima,Col.,Medio Bajo,2) Medio Bajo
6,2,1,1,Colima,Col.,Medio Bajo,2) Medio Bajo
11,2,1,1,Guanajuato,Gto.,Medio Bajo,2) Medio Bajo
12,2,7,101,Guerrero,Gro.,Medio Bajo,2) Medio Bajo
10,2,8,193,Durango,Dgo.,Medio Bajo,2) Medio Bajo
6,2,6,81,Colima,Col.,Medio Bajo,2) Medio Bajo
6,2,8,163,Colima,Col.,Medio Bajo,2) Medio Bajo
9,2,2,1,Ciudad de México,CDMX,Medio Bajo,2) Medio Bajo
8,2,3,1,Chihuahua,Chih.,Medio Bajo,2) Medio Bajo
8,2,2,1,Chihuahua,Chih.,Medio Bajo,2) Medio Bajo
8,2,4,7,Chihuahua,Chih.,Medio Bajo,2) Medio Bajo
8,2,5,9,Chihuahua,Chih.,Medio Bajo,2) Medio Bajo
8,2,11,10,Chihuahua,Chih.,Medio Bajo,2) Medio Bajo
12,2,2,1,Guerrero,Gro.,Medio Bajo,2) Medio Bajo
6,2,7,153,Colima,Col.,Medio Bajo,2) Medio Bajo
7,2,1,2,Chiapas,Chis.,Medio Bajo,2) Medio Bajo
12,2,11,4,Guerrero,Gro.,Medio Bajo,2) Medio Bajo
12,2,10,9,Guerrero,Gro.,Medio Bajo,2) Medio Bajo
12,2,9,9,Guerrero,Gro.,Medio Bajo,2) Medio Bajo
12,2,5,9,Guerrero,Gro.,Medio Bajo,2) Medio Bajo
12,2,4,13,Guerrero,Gro.,Medio Bajo,2) Medio Bajo
8,2,9,13,Chihuahua,Chih.,Medio Bajo,2) Medio Bajo
8,2,10,22,Chihuahua,Chih.,Medio Bajo,2) Medio Bajo
12,2,3,3,Guerrero,Gro.,Medio Bajo,2) Medio Bajo
10,2,7,149,Durango,Dgo.,Medio Bajo,2) Medio Bajo
10,2,6,47,Durango,Dgo.,Medio Bajo,2) Medio Bajo
10,2,10,17,Durango,Dgo.,Medio Bajo,2) Medio Bajo
7,2,8,115,Chiapas,Chis.,Medio Bajo,2) Medio Bajo
7,2,7,101,Chiapas,Chis.,Medio Bajo,2) Medio Bajo
7,2,6,42,Chiapas,Chis.,Medio Bajo,2) Medio Bajo
7,2,10,17,Chiapas,Chis.,Medio Bajo,2) Medio Bajo
7,2,5,9,Chiapas,Chis.,Medio Bajo,2) Medio Bajo
7,2,9,9,Chiapas,Chis.,Medio Bajo,2) Medio Bajo
7,2,11,9,Chiapas,Chis.,Medio Bajo,2) Medio Bajo
2,2,9,58,Baja California,BC,Medio Bajo,2) Medio Bajo
7,2,4,7,Chiapas,Chis.,Medio Bajo,2) Medio Bajo
2,2,6,32,Baja California,BC,Medio Bajo,2) Medio Bajo
2,2,10,14,Baja California,BC,Medio Bajo,2) Medio Bajo
2,2,5,6,Baja California,BC,Medio Bajo,2) Medio Bajo
2,2,11,6,Baja California,BC,Medio Bajo,2) Medio Bajo
2,2,4,2,Baja California,BC,Medio Bajo,2) Medio Bajo
2,2,1,1,Baja California,BC,Medio Bajo,2) Medio Bajo
2,2,3,1,Baja California,BC,Medio Bajo,2) Medio Bajo
7,2,3,6,Chiapas,Chis.,Medio Bajo,2) Medio Bajo
2,2,7,91,Baja California,BC,Medio Bajo,2) Medio Bajo
2,2,8,127,Baja California,BC,Medio Bajo,2) Medio Bajo
11,2,8,169,Guanajuato,Gto.,Medio Bajo,2) Medio Bajo
10,2,9,16,Durango,Dgo.,Medio Bajo,2) Medio Bajo
10,2,5,13,Durango,Dgo.,Medio Bajo,2) Medio Bajo
10,2,4,10,Durango,Dgo.,Medio Bajo,2) Medio Bajo
10,2,11,9,Durango,Dgo.,Medio Bajo,2) Medio Bajo
10,2,3,4,Durango,Dgo.,Medio Bajo,2) Medio Bajo
10,2,1,2,Durango,Dgo.,Medio Bajo,2) Medio Bajo
10,2,2,1,Durango,Dgo.,Medio Bajo,2) Medio Bajo
3,2,1,1,Baja California Sur,BCS,Medio Bajo,2) Medio Bajo
11,2,3,4,Guanajuato,Gto.,Medio Bajo,2) Medio Bajo
11,2,2,4,Guanajuato,Gto.,Medio Bajo,2) Medio Bajo
11,2,11,6,Guanajuato,Gto.,Medio Bajo,2) Medio Bajo
11,2,5,22,Guanajuato,Gto.,Medio Bajo,2) Medio Bajo
11,2,9,23,Guanajuato,Gto.,Medio Bajo,2) Medio Bajo
11,2,4,23,Guanajuato,Gto.,Medio Bajo,2) Medio Bajo
11,2,10,25,Guanajuato,Gto.,Medio Bajo,2) Medio Bajo
11,2,6,116,Guanajuato,Gto.,Medio Bajo,2) Medio Bajo
11,2,7,162,Guanajuato,Gto.,Medio Bajo,2) Medio Bajo
9,2,1,1,Ciudad de México,CDMX,Medio Bajo,2) Medio Bajo
9,2,3,3,Ciudad de México,CDMX,Medio Bajo,2) Medio Bajo
7,2,2,1,Chiapas,Chis.,Medio Bajo,2) Medio Bajo
13,2,7,156,Hidalgo,Hgo.,Medio Bajo,2) Medio Bajo
14,2,7,110,Jalisco,Jal.,Medio Bajo,2) Medio Bajo
1,2,4,12,Aguascalientes,Ags.,Medio Bajo,2) Medio Bajo
1,2,10,18,Aguascalientes,Ags.,Medio Bajo,2) Medio Bajo
1,2,9,22,Aguascalientes,Ags.,Medio Bajo,2) Medio Bajo
1,2,6,52,Aguascalientes,Ags.,Medio Bajo,2) Medio Bajo
14,2,11,2,Jalisco,Jal.,Medio Bajo,2) Medio Bajo
14,2,2,2,Jalisco,Jal.,Medio Bajo,2) Medio Bajo
14,2,3,3,Jalisco,Jal.,Medio Bajo,2) Medio Bajo
14,2,5,10,Jalisco,Jal.,Medio Bajo,2) Medio Bajo
14,2,4,13,Jalisco,Jal.,Medio Bajo,2) Medio Bajo
14,2,9,25,Jalisco,Jal.,Medio Bajo,2) Medio Bajo
14,2,10,28,Jalisco,Jal.,Medio Bajo,2) Medio Bajo
1,2,8,138,Aguascalientes,Ags.,Medio Bajo,2) Medio Bajo
5,2,3,3,Coahuila de Zaragoza,Coah.,Medio Bajo,2) Medio Bajo
5,2,2,5,Coahuila de Zaragoza,Coah.,Medio Bajo,2) Medio Bajo
5,2,11,6,Coahuila de Zaragoza,Coah.,Medio Bajo,2) Medio Bajo
5,2,4,7,Coahuila de Zaragoza,Coah.,Medio Bajo,2) Medio Bajo
14,2,8,190,Jalisco,Jal.,Medio Bajo,2) Medio Bajo
4,2,1,2,Campeche,Camp.,Medio Bajo,2) Medio Bajo
4,2,3,4,Campeche,Camp.,Medio Bajo,2) Medio Bajo
4,2,2,5,Campeche,Camp.,Medio Bajo,2) Medio Bajo
4,2,5,6,Campeche,Camp.,Medio Bajo,2) Medio Bajo
4,2,11,8,Campeche,Camp.,Medio Bajo,2) Medio Bajo
9,2,11,7,Ciudad de México,CDMX,Medio Bajo,2) Medio Bajo
4,2,9,16,Campeche,Camp.,Medio Bajo,2) Medio Bajo
5,2,8,121,Coahuila de Zaragoza,Coah.,Medio Bajo,2) Medio Bajo
5,2,7,102,Coahuila de Zaragoza,Coah.,Medio Bajo,2) Medio Bajo
5,2,6,57,Coahuila de Zaragoza,Coah.,Medio Bajo,2) Medio Bajo
5,2,9,16,Coahuila de Zaragoza,Coah.,Medio Bajo,2) Medio Bajo
5,2,10,16,Coahuila de Zaragoza,Coah.,Medio Bajo,2) Medio Bajo
5,2,5,11,Coahuila de Zaragoza,Coah.,Medio Bajo,2) Medio Bajo
4,2,4,20,Campeche,Camp.,Medio Bajo,2) Medio Bajo
9,2,5,8,Ciudad de México,CDMX,Medio Bajo,2) Medio Bajo
1,2,5,12,Aguascalientes,Ags.,Medio Bajo,2) Medio Bajo
9,2,9,15,Ciudad de México,CDMX,Medio Bajo,2) Medio Bajo
1,2,1,2,Aguascalientes,Ags.,Medio Bajo,2) Medio Bajo
1,2,3,3,Aguascalientes,Ags.,Medio Bajo,2) Medio Bajo
1,2,11,7,Aguascalientes,Ags.,Medio Bajo,2) Medio Bajo
9,2,8,124,Ciudad de México,CDMX,Medio Bajo,2) Medio Bajo
3,2,5,9,Baja California Sur,BCS,Medio Bajo,2) Medio Bajo
3,2,11,10,Baja California Sur,BCS,Medio Bajo,2) Medio Bajo
3,2,9,13,Baja California Sur,BCS,Medio Bajo,2) Medio Bajo
3,2,10,17,Baja California Sur,BCS,Medio Bajo,2) Medio Bajo
3,2,6,49,Baja California Sur,BCS,Medio Bajo,2) Medio Bajo
3,2,8,129,Baja California Sur,BCS,Medio Bajo,2) Medio Bajo
9,2,4,10,Ciudad de México,CDMX,Medio Bajo,2) Medio Bajo
9,2,7,97,Ciudad de México,CDMX,Medio Bajo,2) Medio Bajo
13,2,8,154,Hidalgo,Hgo.,Medio Bajo,2) Medio Bajo
13,2,6,85,Hidalgo,Hgo.,Medio Bajo,2) Medio Bajo
3,2,7,134,Baja California Sur,BCS,Medio Bajo,2) Medio Bajo
9,2,10,17,Ciudad de México,CDMX,Medio Bajo,2) Medio Bajo
4,2,10,21,Campeche,Camp.,Medio Bajo,2) Medio Bajo
4,2,6,59,Campeche,Camp.,Medio Bajo,2) Medio Bajo
13,2,9,28,Hidalgo,Hgo.,Medio Bajo,2) Medio Bajo
9,2,6,33,Ciudad de México,CDMX,Medio Bajo,2) Medio Bajo
4,2,8,127,Campeche,Camp.,Medio Bajo,2) Medio Bajo
4,2,7,137,Campeche,Camp.,Medio Bajo,2) Medio Bajo
14,2,6,47,Jalisco,Jal.,Medio Bajo,2) Medio Bajo
13,2,1,1,Hidalgo,Hgo.,Medio Bajo,2) Medio Bajo
13,2,3,3,Hidalgo,Hgo.,Medio Bajo,2) Medio Bajo
13,2,5,10,Hidalgo,Hgo.,Medio Bajo,2) Medio Bajo
13,2,4,19,Hidalgo,Hgo.,Medio Bajo,2) Medio Bajo
13,2,10,27,Hidalgo,Hgo.,Medio Bajo,2) Medio Bajo
13,2,11,1,Hidalgo,Hgo.,Medio Bajo,2) Medio Bajo
7,3,7,6,Chiapas,Chis.,Medio Alto,3) Medio Alto
7,3,10,2,Chiapas,Chis.,Medio Alto,3) Medio Alto
22,3,6,17,Querétaro,Qro.,Medio Alto,3) Medio Alto
22,3,7,46,Querétaro,Qro.,Medio Alto,3) Medio Alto
22,3,8,87,Querétaro,Qro.,Medio Alto,3) Medio Alto
7,3,11,2,Chiapas,Chis.,Medio Alto,3) Medio Alto
7,3,9,1,Chiapas,Chis.,Medio Alto,3) Medio Alto
8,3,5,9,Chihuahua,Chih.,Medio Alto,3) Medio Alto
7,3,6,4,Chiapas,Chis.,Medio Alto,3) Medio Alto
29,3,8,29,Tlaxcala,Tlax.,Medio Alto,3) Medio Alto
22,3,9,6,Querétaro,Qro.,Medio Alto,3) Medio Alto
8,3,7,87,Chihuahua,Chih.,Medio Alto,3) Medio Alto
8,3,6,24,Chihuahua,Chih.,Medio Alto,3) Medio Alto
8,3,10,21,Chihuahua,Chih.,Medio Alto,3) Medio Alto
8,3,9,18,Chihuahua,Chih.,Medio Alto,3) Medio Alto
8,3,11,10,Chihuahua,Chih.,Medio Alto,3) Medio Alto
22,3,3,1,Querétaro,Qro.,Medio Alto,3) Medio Alto
23,3,7,30,Quintana Roo,Q. Roo,Medio Alto,3) Medio Alto
23,3,8,15,Quintana Roo,Q. Roo,Medio Alto,3) Medio Alto
22,3,4,3,Querétaro,Qro.,Medio Alto,3) Medio Alto
23,3,6,12,Quintana Roo,Q. Roo,Medio Alto,3) Medio Alto
22,3,10,8,Querétaro,Qro.,Medio Alto,3) Medio Alto
23,3,9,7,Quintana Roo,Q. Roo,Medio Alto,3) Medio Alto
23,3,5,5,Quintana Roo,Q. Roo,Medio Alto,3) Medio Alto
23,3,10,5,Quintana Roo,Q. Roo,Medio Alto,3) Medio Alto
23,3,4,4,Quintana Roo,Q. Roo,Medio Alto,3) Medio Alto
23,3,11,2,Quintana Roo,Q. Roo,Medio Alto,3) Medio Alto
23,3,3,1,Quintana Roo,Q. Roo,Medio Alto,3) Medio Alto
29,3,6,1,Tlaxcala,Tlax.,Medio Alto,3) Medio Alto
29,3,4,1,Tlaxcala,Tlax.,Medio Alto,3) Medio Alto
29,3,7,16,Tlaxcala,Tlax.,Medio Alto,3) Medio Alto
8,3,8,121,Chihuahua,Chih.,Medio Alto,3) Medio Alto
3,3,8,98,Baja California Sur,BCS,Medio Alto,3) Medio Alto
22,3,11,4,Querétaro,Qro.,Medio Alto,3) Medio Alto
21,3,10,6,Puebla,Pue.,Medio Alto,3) Medio Alto
3,3,5,2,Baja California Sur,BCS,Medio Alto,3) Medio Alto
3,3,7,71,Baja California Sur,BCS,Medio Alto,3) Medio Alto
26,3,6,21,Sonora,Son.,Medio Alto,3) Medio Alto
26,3,9,29,Sonora,Son.,Medio Alto,3) Medio Alto
26,3,7,83,Sonora,Son.,Medio Alto,3) Medio Alto
26,3,8,131,Sonora,Son.,Medio Alto,3) Medio Alto
5,3,6,28,Coahuila de Zaragoza,Coah.,Medio Alto,3) Medio Alto
5,3,10,24,Coahuila de Zaragoza,Coah.,Medio Alto,3) Medio Alto
5,3,9,17,Coahuila de Zaragoza,Coah.,Medio Alto,3) Medio Alto
26,3,10,19,Sonora,Son.,Medio Alto,3) Medio Alto
5,3,4,7,Coahuila de Zaragoza,Coah.,Medio Alto,3) Medio Alto
5,3,11,6,Coahuila de Zaragoza,Coah.,Medio Alto,3) Medio Alto
5,3,3,2,Coahuila de Zaragoza,Coah.,Medio Alto,3) Medio Alto
5,3,2,1,Coahuila de Zaragoza,Coah.,Medio Alto,3) Medio Alto
28,3,8,82,Tamaulipas,Tamps.,Medio Alto,3) Medio Alto
28,3,7,46,Tamaulipas,Tamps.,Medio Alto,3) Medio Alto
28,3,6,21,Tamaulipas,Tamps.,Medio Alto,3) Medio Alto
28,3,9,14,Tamaulipas,Tamps.,Medio Alto,3) Medio Alto
5,3,5,7,Coahuila de Zaragoza,Coah.,Medio Alto,3) Medio Alto
28,3,5,8,Tamaulipas,Tamps.,Medio Alto,3) Medio Alto
26,3,11,7,Sonora,Son.,Medio Alto,3) Medio Alto
26,3,5,2,Sonora,Son.,Medio Alto,3) Medio Alto
4,3,10,8,Campeche,Camp.,Medio Alto,3) Medio Alto
4,3,6,12,Campeche,Camp.,Medio Alto,3) Medio Alto
4,3,8,27,Campeche,Camp.,Medio Alto,3) Medio Alto
4,3,7,27,Campeche,Camp.,Medio Alto,3) Medio Alto
27,3,11,1,Tabasco,Tab.,Medio Alto,3) Medio Alto
27,3,4,1,Tabasco,Tab.,Medio Alto,3) Medio Alto
27,3,5,2,Tabasco,Tab.,Medio Alto,3) Medio Alto
26,3,4,5,Sonora,Son.,Medio Alto,3) Medio Alto
27,3,3,2,Tabasco,Tab.,Medio Alto,3) Medio Alto
27,3,10,8,Tabasco,Tab.,Medio Alto,3) Medio Alto
27,3,6,10,Tabasco,Tab.,Medio Alto,3) Medio Alto
27,3,7,15,Tabasco,Tab.,Medio Alto,3) Medio Alto
27,3,8,27,Tabasco,Tab.,Medio Alto,3) Medio Alto
4,3,4,2,Campeche,Camp.,Medio Alto,3) Medio Alto
5,3,8,126,Coahuila de Zaragoza,Coah.,Medio Alto,3) Medio Alto
5,3,7,89,Coahuila de Zaragoza,Coah.,Medio Alto,3) Medio Alto
27,3,9,6,Tabasco,Tab.,Medio Alto,3) Medio Alto
7,3,8,17,Chiapas,Chis.,Medio Alto,3) Medio Alto
28,3,4,7,Tamaulipas,Tamps.,Medio Alto,3) Medio Alto
28,3,11,4,Tamaulipas,Tamps.,Medio Alto,3) Medio Alto
3,3,3,4,Baja California Sur,BCS,Medio Alto,3) Medio Alto
3,3,11,6,Baja California Sur,BCS,Medio Alto,3) Medio Alto
3,3,9,9,Baja California Sur,BCS,Medio Alto,3) Medio Alto
3,3,10,11,Baja California Sur,BCS,Medio Alto,3) Medio Alto
24,3,4,1,San Luis Potosí,SLP,Medio Alto,3) Medio Alto
24,3,2,1,San Luis Potosí,SLP,Medio Alto,3) Medio Alto
24,3,1,1,San Luis Potosí,SLP,Medio Alto,3) Medio Alto
3,3,4,2,Baja California Sur,BCS,Medio Alto,3) Medio Alto
24,3,3,2,San Luis Potosí,SLP,Medio Alto,3) Medio Alto
24,3,5,4,San Luis Potosí,SLP,Medio Alto,3) Medio Alto
24,3,9,6,San Luis Potosí,SLP,Medio Alto,3) Medio Alto
24,3,10,12,San Luis Potosí,SLP,Medio Alto,3) Medio Alto
24,3,6,13,San Luis Potosí,SLP,Medio Alto,3) Medio Alto
24,3,7,58,San Luis Potosí,SLP,Medio Alto,3) Medio Alto
24,3,8,81,San Luis Potosí,SLP,Medio Alto,3) Medio Alto
3,3,6,30,Baja California Sur,BCS,Medio Alto,3) Medio Alto
24,3,11,3,San Luis Potosí,SLP,Medio Alto,3) Medio Alto
28,3,10,7,Tamaulipas,Tamps.,Medio Alto,3) Medio Alto
8,3,4,7,Chihuahua,Chih.,Medio Alto,3) Medio Alto
6,3,10,2,Colima,Col.,Medio Alto,3) Medio Alto
28,3,2,1,Tamaulipas,Tamps.,Medio Alto,3) Medio Alto
25,3,2,1,Sinaloa,Sin.,Medio Alto,3) Medio Alto
25,3,5,3,Sinaloa,Sin.,Medio Alto,3) Medio Alto
25,3,4,3,Sinaloa,Sin.,Medio Alto,3) Medio Alto
25,3,11,7,Sinaloa,Sin.,Medio Alto,3) Medio Alto
25,3,9,16,Sinaloa,Sin.,Medio Alto,3) Medio Alto
25,3,10,22,Sinaloa,Sin.,Medio Alto,3) Medio Alto
6,3,11,2,Colima,Col.,Medio Alto,3) Medio Alto
25,3,6,30,Sinaloa,Sin.,Medio Alto,3) Medio Alto
25,3,8,86,Sinaloa,Sin.,Medio Alto,3) Medio Alto
6,3,8,58,Colima,Col.,Medio Alto,3) Medio Alto
6,3,7,35,Colima,Col.,Medio Alto,3) Medio Alto
6,3,6,23,Colima,Col.,Medio Alto,3) Medio Alto
6,3,5,6,Colima,Col.,Medio Alto,3) Medio Alto
6,3,4,4,Colima,Col.,Medio Alto,3) Medio Alto
6,3,9,3,Colima,Col.,Medio Alto,3) Medio Alto
25,3,7,61,Sinaloa,Sin.,Medio Alto,3) Medio Alto
8,3,3,1,Chihuahua,Chih.,Medio Alto,3) Medio Alto
4,3,5,3,Campeche,Camp.,Medio Alto,3) Medio Alto
15,3,11,6,México,Mex.,Medio Alto,3) Medio Alto
32,3,4,2,Zacatecas,Zac.,Medio Alto,3) Medio Alto
32,3,11,6,Zacatecas,Zac.,Medio Alto,3) Medio Alto
32,3,9,7,Zacatecas,Zac.,Medio Alto,3) Medio Alto
32,3,10,11,Zacatecas,Zac.,Medio Alto,3) Medio Alto
32,3,6,13,Zacatecas,Zac.,Medio Alto,3) Medio Alto
11,3,7,53,Guanajuato,Gto.,Medio Alto,3) Medio Alto
11,3,6,31,Guanajuato,Gto.,Medio Alto,3) Medio Alto
11,3,9,10,Guanajuato,Gto.,Medio Alto,3) Medio Alto
11,3,5,5,Guanajuato,Gto.,Medio Alto,3) Medio Alto
11,3,10,5,Guanajuato,Gto.,Medio Alto,3) Medio Alto
11,3,4,4,Guanajuato,Gto.,Medio Alto,3) Medio Alto
11,3,11,4,Guanajuato,Gto.,Medio Alto,3) Medio Alto
11,3,3,1,Guanajuato,Gto.,Medio Alto,3) Medio Alto
31,3,9,3,Yucatán,Yuc.,Medio Alto,3) Medio Alto
31,3,11,3,Yucatán,Yuc.,Medio Alto,3) Medio Alto
32,3,5,1,Zacatecas,Zac.,Medio Alto,3) Medio Alto
15,3,5,1,México,Mex.,Medio Alto,3) Medio Alto
15,3,4,1,México,Mex.,Medio Alto,3) Medio Alto
11,3,8,63,Guanajuato,Gto.,Medio Alto,3) Medio Alto
16,3,10,5,Michoacán de Ocampo,Mich.,Medio Alto,3) Medio Alto
15,3,2,1,México,Mex.,Medio Alto,3) Medio Alto
15,3,3,1,México,Mex.,Medio Alto,3) Medio Alto
31,3,8,57,Yucatán,Yuc.,Medio Alto,3) Medio Alto
31,3,7,45,Yucatán,Yuc.,Medio Alto,3) Medio Alto
31,3,6,9,Yucatán,Yuc.,Medio Alto,3) Medio Alto
31,3,10,8,Yucatán,Yuc.,Medio Alto,3) Medio Alto
31,3,3,2,Yucatán,Yuc.,Medio Alto,3) Medio Alto
31,3,4,4,Yucatán,Yuc.,Medio Alto,3) Medio Alto
18,3,5,2,Nayarit,Nay.,Medio Alto,3) Medio Alto
18,3,9,3,Nayarit,Nay.,Medio Alto,3) Medio Alto
18,3,4,4,Nayarit,Nay.,Medio Alto,3) Medio Alto
18,3,10,5,Nayarit,Nay.,Medio Alto,3) Medio Alto
18,3,6,14,Nayarit,Nay.,Medio Alto,3) Medio Alto
18,3,7,53,Nayarit,Nay.,Medio Alto,3) Medio Alto
18,3,8,82,Nayarit,Nay.,Medio Alto,3) Medio Alto
18,3,11,2,Nayarit,Nay.,Medio Alto,3) Medio Alto
15,3,10,8,México,Mex.,Medio Alto,3) Medio Alto
31,3,2,1,Yucatán,Yuc.,Medio Alto,3) Medio Alto
32,3,7,44,Zacatecas,Zac.,Medio Alto,3) Medio Alto
12,3,6,2,Guerrero,Gro.,Medio Alto,3) Medio Alto
1,3,4,4,Aguascalientes,Ags.,Medio Alto,3) Medio Alto
12,3,5,1,Guerrero,Gro.,Medio Alto,3) Medio Alto
12,3,9,1,Guerrero,Gro.,Medio Alto,3) Medio Alto
1,3,11,5,Aguascalientes,Ags.,Medio Alto,3) Medio Alto
1,3,5,6,Aguascalientes,Ags.,Medio Alto,3) Medio Alto
1,3,9,21,Aguascalientes,Ags.,Medio Alto,3) Medio Alto
1,3,10,27,Aguascalientes,Ags.,Medio Alto,3) Medio Alto
1,3,6,27,Aguascalientes,Ags.,Medio Alto,3) Medio Alto
1,3,7,81,Aguascalientes,Ags.,Medio Alto,3) Medio Alto
1,3,8,129,Aguascalientes,Ags.,Medio Alto,3) Medio Alto
16,3,5,1,Michoacán de Ocampo,Mich.,Medio Alto,3) Medio Alto
16,3,4,1,Michoacán de Ocampo,Mich.,Medio Alto,3) Medio Alto
16,3,3,2,Michoacán de Ocampo,Mich.,Medio Alto,3) Medio Alto
16,3,11,5,Michoacán de Ocampo,Mich.,Medio Alto,3) Medio Alto
12,3,7,9,Guerrero,Gro.,Medio Alto,3) Medio Alto
12,3,8,24,Guerrero,Gro.,Medio Alto,3) Medio Alto
17,3,8,43,Morelos,Mor.,Medio Alto,3) Medio Alto
17,3,7,35,Morelos,Mor.,Medio Alto,3) Medio Alto
32,3,8,76,Zacatecas,Zac.,Medio Alto,3) Medio Alto
13,3,6,1,Hidalgo,Hgo.,Medio Alto,3) Medio Alto
13,3,11,2,Hidalgo,Hgo.,Medio Alto,3) Medio Alto
13,3,10,3,Hidalgo,Hgo.,Medio Alto,3) Medio Alto
13,3,9,3,Hidalgo,Hgo.,Medio Alto,3) Medio Alto
13,3,7,14,Hidalgo,Hgo.,Medio Alto,3) Medio Alto
13,3,8,16,Hidalgo,Hgo.,Medio Alto,3) Medio Alto
31,3,5,1,Yucatán,Yuc.,Medio Alto,3) Medio Alto
17,3,11,2,Morelos,Mor.,Medio Alto,3) Medio Alto
16,3,7,29,Michoacán de Ocampo,Mich.,Medio Alto,3) Medio Alto
16,3,6,5,Michoacán de Ocampo,Mich.,Medio Alto,3) Medio Alto
17,3,9,2,Morelos,Mor.,Medio Alto,3) Medio Alto
17,3,4,2,Morelos,Mor.,Medio Alto,3) Medio Alto
17,3,10,5,Morelos,Mor.,Medio Alto,3) Medio Alto
17,3,5,6,Morelos,Mor.,Medio Alto,3) Medio Alto
17,3,6,25,Morelos,Mor.,Medio Alto,3) Medio Alto
16,3,8,46,Michoacán de Ocampo,Mich.,Medio Alto,3) Medio Alto
19,3,8,137,Nuevo León,NL,Medio Alto,3) Medio Alto
16,3,9,5,Michoacán de Ocampo,Mich.,Medio Alto,3) Medio Alto
19,3,6,26,Nuevo León,NL,Medio Alto,3) Medio Alto
21,3,7,30,Puebla,Pue.,Medio Alto,3) Medio Alto
21,3,8,40,Puebla,Pue.,Medio Alto,3) Medio Alto
9,3,8,145,Ciudad de México,CDMX,Medio Alto,3) Medio Alto
9,3,7,121,Ciudad de México,CDMX,Medio Alto,3) Medio Alto
9,3,9,24,Ciudad de México,CDMX,Medio Alto,3) Medio Alto
9,3,6,21,Ciudad de México,CDMX,Medio Alto,3) Medio Alto
21,3,6,8,Puebla,Pue.,Medio Alto,3) Medio Alto
9,3,10,21,Ciudad de México,CDMX,Medio Alto,3) Medio Alto
9,3,11,7,Ciudad de México,CDMX,Medio Alto,3) Medio Alto
9,3,4,3,Ciudad de México,CDMX,Medio Alto,3) Medio Alto
9,3,2,2,Ciudad de México,CDMX,Medio Alto,3) Medio Alto
9,3,1,1,Ciudad de México,CDMX,Medio Alto,3) Medio Alto
19,3,7,81,Nuevo León,NL,Medio Alto,3) Medio Alto
30,3,2,1,Veracruz de Ignacio de la Llave,Ver.,Medio Alto,3) Medio Alto
9,3,5,8,Ciudad de México,CDMX,Medio Alto,3) Medio Alto
4,3,9,4,Campeche,Camp.,Medio Alto,3) Medio Alto
21,3,4,3,Puebla,Pue.,Medio Alto,3) Medio Alto
21,3,5,2,Puebla,Pue.,Medio Alto,3) Medio Alto
14,3,11,6,Jalisco,Jal.,Medio Alto,3) Medio Alto
2,3,3,1,Baja California,BC,Medio Alto,3) Medio Alto
2,3,11,2,Baja California,BC,Medio Alto,3) Medio Alto
2,3,4,3,Baja California,BC,Medio Alto,3) Medio Alto
2,3,5,6,Baja California,BC,Medio Alto,3) Medio Alto
30,3,7,28,Veracruz de Ignacio de la Llave,Ver.,Medio Alto,3) Medio Alto
30,3,8,26,Veracruz de Ignacio de la Llave,Ver.,Medio Alto,3) Medio Alto
14,3,5,7,Jalisco,Jal.,Medio Alto,3) Medio Alto
30,3,6,3,Veracruz de Ignacio de la Llave,Ver.,Medio Alto,3) Medio Alto
30,3,11,2,Veracruz de Ignacio de la Llave,Ver.,Medio Alto,3) Medio Alto
21,3,9,1,Puebla,Pue.,Medio Alto,3) Medio Alto
21,3,3,1,Puebla,Pue.,Medio Alto,3) Medio Alto
21,3,2,1,Puebla,Pue.,Medio Alto,3) Medio Alto
21,3,1,1,Puebla,Pue.,Medio Alto,3) Medio Alto
21,3,11,2,Puebla,Pue.,Medio Alto,3) Medio Alto
30,3,9,1,Veracruz de Ignacio de la Llave,Ver.,Medio Alto,3) Medio Alto
14,3,4,7,Jalisco,Jal.,Medio Alto,3) Medio Alto
9,3,3,1,Ciudad de México,CDMX,Medio Alto,3) Medio Alto
14,3,10,13,Jalisco,Jal.,Medio Alto,3) Medio Alto
10,3,7,44,Durango,Dgo.,Medio Alto,3) Medio Alto
10,3,6,14,Durango,Dgo.,Medio Alto,3) Medio Alto
10,3,10,12,Durango,Dgo.,Medio Alto,3) Medio Alto
10,3,9,10,Durango,Dgo.,Medio Alto,3) Medio Alto
10,3,4,3,Durango,Dgo.,Medio Alto,3) Medio Alto
10,3,3,2,Durango,Dgo.,Medio Alto,3) Medio Alto
10,3,5,2,Durango,Dgo.,Medio Alto,3) Medio Alto
30,3,10,1,Veracruz de Ignacio de la Llave,Ver.,Medio Alto,3) Medio Alto
10,3,11,2,Durango,Dgo.,Medio Alto,3) Medio Alto
19,3,3,1,Nuevo León,NL,Medio Alto,3) Medio Alto
19,3,2,1,Nuevo León,NL,Medio Alto,3) Medio Alto
19,3,4,3,Nuevo León,NL,Medio Alto,3) Medio Alto
19,3,11,5,Nuevo León,NL,Medio Alto,3) Medio Alto
19,3,5,9,Nuevo León,NL,Medio Alto,3) Medio Alto
19,3,9,17,Nuevo León,NL,Medio Alto,3) Medio Alto
19,3,10,25,Nuevo León,NL,Medio Alto,3) Medio Alto
2,3,8,95,Baja California,BC,Medio Alto,3) Medio Alto
20,3,8,13,Oaxaca,Oax.,Medio Alto,3) Medio Alto
10,3,8,93,Durango,Dgo.,Medio Alto,3) Medio Alto
2,3,7,60,Baja California,BC,Medio Alto,3) Medio Alto
14,3,7,78,Jalisco,Jal.,Medio Alto,3) Medio Alto
2,3,10,18,Baja California,BC,Medio Alto,3) Medio Alto
2,3,9,36,Baja California,BC,Medio Alto,3) Medio Alto
2,3,6,42,Baja California,BC,Medio Alto,3) Medio Alto
20,3,7,11,Oaxaca,Oax.,Medio Alto,3) Medio Alto
14,3,8,134,Jalisco,Jal.,Medio Alto,3) Medio Alto
15,3,8,73,México,Mex.,Medio Alto,3) Medio Alto
15,3,7,37,México,Mex.,Medio Alto,3) Medio Alto
15,3,9,12,México,Mex.,Medio Alto,3) Medio Alto
15,3,6,8,México,Mex.,Medio Alto,3) Medio Alto
20,3,4,1,Oaxaca,Oax.,Medio Alto,3) Medio Alto
20,3,6,6,Oaxaca,Oax.,Medio Alto,3) Medio Alto
14,3,6,25,Jalisco,Jal.,Medio Alto,3) Medio Alto
14,3,9,23,Jalisco,Jal.,Medio Alto,3) Medio Alto
32,4,10,3,Zacatecas,Zac.,Alto,4) Alto
32,4,9,2,Zacatecas,Zac.,Alto,4) Alto
32,4,11,2,Zacatecas,Zac.,Alto,4) Alto
32,4,8,24,Zacatecas,Zac.,Alto,4) Alto
3,4,4,1,Baja California Sur,BCS,Alto,4) Alto
3,4,5,2,Baja California Sur,BCS,Alto,4) Alto
3,4,11,6,Baja California Sur,BCS,Alto,4) Alto
32,4,7,8,Zacatecas,Zac.,Alto,4) Alto
2,4,5,1,Baja California,BC,Alto,4) Alto
28,4,5,1,Tamaulipas,Tamps.,Alto,4) Alto
28,4,7,20,Tamaulipas,Tamps.,Alto,4) Alto
1,4,11,3,Aguascalientes,Ags.,Alto,4) Alto
1,4,5,1,Aguascalientes,Ags.,Alto,4) Alto
29,4,8,19,Tlaxcala,Tlax.,Alto,4) Alto
29,4,7,10,Tlaxcala,Tlax.,Alto,4) Alto
29,4,9,4,Tlaxcala,Tlax.,Alto,4) Alto
29,4,6,2,Tlaxcala,Tlax.,Alto,4) Alto
29,4,10,2,Tlaxcala,Tlax.,Alto,4) Alto
30,4,9,1,Veracruz de Ignacio de la Llave,Ver.,Alto,4) Alto
1,4,9,4,Aguascalientes,Ags.,Alto,4) Alto
30,4,6,1,Veracruz de Ignacio de la Llave,Ver.,Alto,4) Alto
30,4,7,7,Veracruz de Ignacio de la Llave,Ver.,Alto,4) Alto
29,4,5,1,Tlaxcala,Tlax.,Alto,4) Alto
2,4,11,1,Baja California,BC,Alto,4) Alto
2,4,8,53,Baja California,BC,Alto,4) Alto
2,4,9,33,Baja California,BC,Alto,4) Alto
2,4,7,14,Baja California,BC,Alto,4) Alto
2,4,10,14,Baja California,BC,Alto,4) Alto
2,4,6,10,Baja California,BC,Alto,4) Alto
30,4,8,3,Veracruz de Ignacio de la Llave,Ver.,Alto,4) Alto
1,4,10,9,Aguascalientes,Ags.,Alto,4) Alto
3,4,8,47,Baja California Sur,BCS,Alto,4) Alto
3,4,7,42,Baja California Sur,BCS,Alto,4) Alto
28,4,6,5,Tamaulipas,Tamps.,Alto,4) Alto
28,4,11,5,Tamaulipas,Tamps.,Alto,4) Alto
28,4,9,4,Tamaulipas,Tamps.,Alto,4) Alto
1,4,8,53,Aguascalientes,Ags.,Alto,4) Alto
1,4,7,32,Aguascalientes,Ags.,Alto,4) Alto
1,4,6,9,Aguascalientes,Ags.,Alto,4) Alto
31,4,4,1,Yucatán,Yuc.,Alto,4) Alto
31,4,10,6,Yucatán,Yuc.,Alto,4) Alto
31,4,11,7,Yucatán,Yuc.,Alto,4) Alto
31,4,6,8,Yucatán,Yuc.,Alto,4) Alto
31,4,7,12,Yucatán,Yuc.,Alto,4) Alto
31,4,8,43,Yucatán,Yuc.,Alto,4) Alto
28,4,10,4,Tamaulipas,Tamps.,Alto,4) Alto
28,4,3,2,Tamaulipas,Tamps.,Alto,4) Alto
28,4,4,1,Tamaulipas,Tamps.,Alto,4) Alto
2,4,4,1,Baja California,BC,Alto,4) Alto
3,4,9,6,Baja California Sur,BCS,Alto,4) Alto
3,4,10,8,Baja California Sur,BCS,Alto,4) Alto
3,4,6,16,Baja California Sur,BCS,Alto,4) Alto
28,4,8,33,Tamaulipas,Tamps.,Alto,4) Alto
14,4,9,10,Jalisco,Jal.,Alto,4) Alto
23,4,5,9,Quintana Roo,Q. Roo,Alto,4) Alto
27,4,10,1,Tabasco,Tab.,Alto,4) Alto
19,4,8,80,Nuevo León,NL,Alto,4) Alto
10,4,8,25,Durango,Dgo.,Alto,4) Alto
10,4,7,15,Durango,Dgo.,Alto,4) Alto
10,4,6,5,Durango,Dgo.,Alto,4) Alto
10,4,11,3,Durango,Dgo.,Alto,4) Alto
10,4,5,2,Durango,Dgo.,Alto,4) Alto
10,4,9,2,Durango,Dgo.,Alto,4) Alto
19,4,7,33,Nuevo León,NL,Alto,4) Alto
10,4,10,2,Durango,Dgo.,Alto,4) Alto
18,4,9,2,Nayarit,Nay.,Alto,4) Alto
18,4,6,3,Nayarit,Nay.,Alto,4) Alto
18,4,7,14,Nayarit,Nay.,Alto,4) Alto
18,4,8,17,Nayarit,Nay.,Alto,4) Alto
11,4,8,24,Guanajuato,Gto.,Alto,4) Alto
11,4,7,12,Guanajuato,Gto.,Alto,4) Alto
11,4,6,8,Guanajuato,Gto.,Alto,4) Alto
18,4,10,2,Nayarit,Nay.,Alto,4) Alto
19,4,10,19,Nuevo León,NL,Alto,4) Alto
19,4,9,11,Nuevo León,NL,Alto,4) Alto
19,4,6,9,Nuevo León,NL,Alto,4) Alto
21,4,6,7,Puebla,Pue.,Alto,4) Alto
21,4,7,11,Puebla,Pue.,Alto,4) Alto
21,4,8,17,Puebla,Pue.,Alto,4) Alto
9,4,8,48,Ciudad de México,CDMX,Alto,4) Alto
9,4,7,26,Ciudad de México,CDMX,Alto,4) Alto
9,4,10,15,Ciudad de México,CDMX,Alto,4) Alto
9,4,9,8,Ciudad de México,CDMX,Alto,4) Alto
9,4,11,8,Ciudad de México,CDMX,Alto,4) Alto
9,4,6,7,Ciudad de México,CDMX,Alto,4) Alto
9,4,5,1,Ciudad de México,CDMX,Alto,4) Alto
20,4,9,1,Oaxaca,Oax.,Alto,4) Alto
20,4,8,2,Oaxaca,Oax.,Alto,4) Alto
20,4,6,2,Oaxaca,Oax.,Alto,4) Alto
20,4,7,4,Oaxaca,Oax.,Alto,4) Alto
19,4,5,2,Nuevo León,NL,Alto,4) Alto
19,4,4,2,Nuevo León,NL,Alto,4) Alto
19,4,11,8,Nuevo León,NL,Alto,4) Alto
11,4,9,4,Guanajuato,Gto.,Alto,4) Alto
21,4,10,4,Puebla,Pue.,Alto,4) Alto
11,4,10,3,Guanajuato,Gto.,Alto,4) Alto
11,4,5,1,Guanajuato,Gto.,Alto,4) Alto
13,4,6,2,Hidalgo,Hgo.,Alto,4) Alto
13,4,10,1,Hidalgo,Hgo.,Alto,4) Alto
15,4,4,1,México,Mex.,Alto,4) Alto
15,4,3,1,México,Mex.,Alto,4) Alto
15,4,2,1,México,Mex.,Alto,4) Alto
15,4,5,3,México,Mex.,Alto,4) Alto
15,4,11,5,México,Mex.,Alto,4) Alto
13,4,9,4,Hidalgo,Hgo.,Alto,4) Alto
15,4,10,5,México,Mex.,Alto,4) Alto
15,4,6,5,México,Mex.,Alto,4) Alto
15,4,7,23,México,Mex.,Alto,4) Alto
15,4,8,36,México,Mex.,Alto,4) Alto
14,4,8,40,Jalisco,Jal.,Alto,4) Alto
14,4,11,2,Jalisco,Jal.,Alto,4) Alto
14,4,10,4,Jalisco,Jal.,Alto,4) Alto
14,4,6,6,Jalisco,Jal.,Alto,4) Alto
15,4,9,5,México,Mex.,Alto,4) Alto
13,4,8,9,Hidalgo,Hgo.,Alto,4) Alto
13,4,7,18,Hidalgo,Hgo.,Alto,4) Alto
16,4,8,9,Michoacán de Ocampo,Mich.,Alto,4) Alto
11,4,11,1,Guanajuato,Gto.,Alto,4) Alto
17,4,5,1,Morelos,Mor.,Alto,4) Alto
17,4,11,2,Morelos,Mor.,Alto,4) Alto
17,4,9,2,Morelos,Mor.,Alto,4) Alto
17,4,6,3,Morelos,Mor.,Alto,4) Alto
17,4,7,7,Morelos,Mor.,Alto,4) Alto
17,4,8,12,Morelos,Mor.,Alto,4) Alto
32,4,5,1,Zacatecas,Zac.,Alto,4) Alto
12,4,8,3,Guerrero,Gro.,Alto,4) Alto
12,4,6,1,Guerrero,Gro.,Alto,4) Alto
12,4,7,1,Guerrero,Gro.,Alto,4) Alto
16,4,11,1,Michoacán de Ocampo,Mich.,Alto,4) Alto
16,4,9,1,Michoacán de Ocampo,Mich.,Alto,4) Alto
16,4,5,1,Michoacán de Ocampo,Mich.,Alto,4) Alto
16,4,10,2,Michoacán de Ocampo,Mich.,Alto,4) Alto
16,4,7,4,Michoacán de Ocampo,Mich.,Alto,4) Alto
16,4,6,4,Michoacán de Ocampo,Mich.,Alto,4) Alto
11,4,4,2,Guanajuato,Gto.,Alto,4) Alto
21,4,9,2,Puebla,Pue.,Alto,4) Alto
21,4,5,1,Puebla,Pue.,Alto,4) Alto
21,4,11,1,Puebla,Pue.,Alto,4) Alto
5,4,9,3,Coahuila de Zaragoza,Coah.,Alto,4) Alto
5,4,11,3,Coahuila de Zaragoza,Coah.,Alto,4) Alto
5,4,4,1,Coahuila de Zaragoza,Coah.,Alto,4) Alto
5,4,5,1,Coahuila de Zaragoza,Coah.,Alto,4) Alto
25,4,11,3,Sinaloa,Sin.,Alto,4) Alto
25,4,6,3,Sinaloa,Sin.,Alto,4) Alto
25,4,10,7,Sinaloa,Sin.,Alto,4) Alto
5,4,10,4,Coahuila de Zaragoza,Coah.,Alto,4) Alto
25,4,9,12,Sinaloa,Sin.,Alto,4) Alto
25,4,8,57,Sinaloa,Sin.,Alto,4) Alto
6,4,8,39,Colima,Col.,Alto,4) Alto
6,4,7,30,Colima,Col.,Alto,4) Alto
6,4,6,10,Colima,Col.,Alto,4) Alto
6,4,10,10,Colima,Col.,Alto,4) Alto
6,4,9,5,Colima,Col.,Alto,4) Alto
6,4,4,3,Colima,Col.,Alto,4) Alto
25,4,7,25,Sinaloa,Sin.,Alto,4) Alto
5,4,6,13,Coahuila de Zaragoza,Coah.,Alto,4) Alto
5,4,7,20,Coahuila de Zaragoza,Coah.,Alto,4) Alto
5,4,8,42,Coahuila de Zaragoza,Coah.,Alto,4) Alto
27,4,6,1,Tabasco,Tab.,Alto,4) Alto
27,4,8,9,Tabasco,Tab.,Alto,4) Alto
27,4,7,12,Tabasco,Tab.,Alto,4) Alto
4,4,7,20,Campeche,Camp.,Alto,4) Alto
4,4,8,16,Campeche,Camp.,Alto,4) Alto
4,4,9,4,Campeche,Camp.,Alto,4) Alto
4,4,10,4,Campeche,Camp.,Alto,4) Alto
4,4,6,3,Campeche,Camp.,Alto,4) Alto
4,4,5,2,Campeche,Camp.,Alto,4) Alto
4,4,3,1,Campeche,Camp.,Alto,4) Alto
26,4,3,1,Sonora,Son.,Alto,4) Alto
26,4,6,6,Sonora,Son.,Alto,4) Alto
26,4,10,9,Sonora,Son.,Alto,4) Alto
26,4,9,9,Sonora,Son.,Alto,4) Alto
26,4,11,10,Sonora,Son.,Alto,4) Alto
26,4,7,14,Sonora,Son.,Alto,4) Alto
26,4,8,43,Sonora,Son.,Alto,4) Alto
24,4,3,1,San Luis Potosí,SLP,Alto,4) Alto
24,4,11,2,San Luis Potosí,SLP,Alto,4) Alto
24,4,5,2,San Luis Potosí,SLP,Alto,4) Alto
24,4,4,2,San Luis Potosí,SLP,Alto,4) Alto
7,4,11,1,Chiapas,Chis.,Alto,4) Alto
22,4,3,2,Querétaro,Qro.,Alto,4) Alto
22,4,4,3,Querétaro,Qro.,Alto,4) Alto
22,4,9,5,Querétaro,Qro.,Alto,4) Alto
22,4,10,9,Querétaro,Qro.,Alto,4) Alto
22,4,6,10,Querétaro,Qro.,Alto,4) Alto
22,4,11,12,Querétaro,Qro.,Alto,4) Alto
22,4,7,28,Querétaro,Qro.,Alto,4) Alto
22,4,8,77,Querétaro,Qro.,Alto,4) Alto
8,4,8,46,Chihuahua,Chih.,Alto,4) Alto
8,4,7,15,Chihuahua,Chih.,Alto,4) Alto
8,4,10,10,Chihuahua,Chih.,Alto,4) Alto
8,4,11,5,Chihuahua,Chih.,Alto,4) Alto
8,4,6,3,Chihuahua,Chih.,Alto,4) Alto
8,4,9,3,Chihuahua,Chih.,Alto,4) Alto
8,4,4,1,Chihuahua,Chih.,Alto,4) Alto
8,4,5,1,Chihuahua,Chih.,Alto,4) Alto
7,4,10,1,Chiapas,Chis.,Alto,4) Alto
27,4,11,1,Tabasco,Tab.,Alto,4) Alto
7,4,9,1,Chiapas,Chis.,Alto,4) Alto
23,4,8,26,Quintana Roo,Q. Roo,Alto,4) Alto
24,4,9,3,San Luis Potosí,SLP,Alto,4) Alto
24,4,10,5,San Luis Potosí,SLP,Alto,4) Alto
24,4,6,6,San Luis Potosí,SLP,Alto,4) Alto
24,4,7,19,San Luis Potosí,SLP,Alto,4) Alto
24,4,8,42,San Luis Potosí,SLP,Alto,4) Alto
6,4,5,3,Colima,Col.,Alto,4) Alto
6,4,11,2,Colima,Col.,Alto,4) Alto
7,4,8,8,Chiapas,Chis.,Alto,4) Alto
7,4,7,4,Chiapas,Chis.,Alto,4) Alto
23,4,11,1,Quintana Roo,Q. Roo,Alto,4) Alto
23,4,2,1,Quintana Roo,Q. Roo,Alto,4) Alto
23,4,10,5,Quintana Roo,Q. Roo,Alto,4) Alto
23,4,4,8,Quintana Roo,Q. Roo,Alto,4) Alto
14,4,7,12,Jalisco,Jal.,Alto,4) Alto
23,4,9,12,Quintana Roo,Q. Roo,Alto,4) Alto
23,4,6,13,Quintana Roo,Q. Roo,Alto,4) Alto
23,4,7,16,Quintana Roo,Q. Roo,Alto,4) Alto
7,4,6,1,Chiapas,Chis.,Alto,4) Alto
32,4,6,1,Zacatecas,Zac.,Alto,4) Alto
